RCDTS,School ID,Network,School Name,2020 CA,2021 CA,2022 CA,2023 CA,2024 CA,,,,,,,
150162990252809,610132,Network 13,Poe Elem Classical School,0.0%,2.8%,5.5%,7.5%,7.5%,,,,,,,
150162990252811,609958,Network 8,Gunsaulus Elem Scholastic Academy,0.2%,9.8%,20.2%,12.7%,11.9%,,,,,,,
15016299025226C,400069,Charter,Polaris Elem Charter Academy,0.2%,27.8%,8.5%,3.7%,53.2%,,,,,,,
150162990252856,610298,Network 11,Lenart Elem Regional Gifted Ctr,0.4%,1.8%,12.7%,6.0%,6.2%,,,,,,,
150162990252361,610082,ISP,Mount Greenwood Elem School,0.6%,3.9%,8.2%,12.3%,7.9%,,,,,,,
150162990252501,610217,Network 6,Ward  J Elem School,0.6%,6.3%,11.7%,8.5%,9.1%,,,,,,,
150162990252172,609896,Network 6,Drummond Elem School,0.8%,0.8%,14.9%,18.9%,16.1%,,,,,,,
15016299025260C,400084,Charter,Acero Chtr Sch Network - Rufino Tamayo Elem Sch,0.8%,10.3%,24.1%,21.9%,20.4%,,,,,,,
15016299025262C,400081,Charter,Acero Chtr Sch Network - Bartolome de las Casas Elem Sch,0.8%,19.7%,32.4%,34.8%,29.6%,,,,,,,
150162990252082,609799,Network 4,Bell Elem School,1.0%,2.9%,12.7%,14.5%,13.2%,,,,,,,
150162990252249,609974,Network 4,Hawthorne Elem Scholastic Academy,1.0%,3.4%,6.0%,11.3%,9.5%,,,,,,,
150162990252486,610201,ISP,Thorp  O A Elem Scholastic Acad,1.1%,6.1%,17.0%,18.3%,15.1%,,,,,,,
150162990252192,609909,ISP,Everett Elem School,1.1%,9.2%,14.3%,,,,,,,,,
150162990252805,609880,Network 2,Decatur Classical Elem School,1.2%,1.5%,12.3%,12.4%,14.8%,,,,,,,
150162990252240,609963,Network 4,Hamilton Elem School,1.2%,3.9%,12.9%,12.6%,15.2%,,,,,,,
150162990252345,610066,Network 12,McDade Elem Classical School,1.2%,5.4%,8.4%,6.7%,5.0%,,,,,,,
15016299025267C,400114,Charter,Acero Chtr Sch Network - Esmeralda Santiago Elem Sch,1.2%,9.8%,21.2%,11.8%,10.3%,,,,,,,
150162990252184,609794,Network 1,Edison Elem Regional Gifted Cntr,1.3%,2.2%,8.7%,10.6%,12.8%,,,,,,,
15016299025275C,400111,Charter,LEARN Chtr -  Hunter Perkins Campus,1.3%,8.3%,40.1%,49.6%,38.1%,,,,,,,
150162990252389,610109,Network 10,Owen Elem Scholastic Academy,1.3%,11.1%,18.9%,15.2%,18.5%,,,,,,,
150162990252442,610178,Network 12,Schmid Elem School,1.3%,27.1%,41.2%,43.4%,49.0%,,,,,,,
150162990252451,610081,ISP,Sheridan Elem Math & Science Acad,1.4%,2.7%,11.4%,10.0%,9.6%,,,,,,,
150162990252337,610059,Network 4,Mayer Elem School,1.4%,5.8%,14.5%,16.9%,14.2%,,,,,,,
150162990252920,610248,Network 1,Chicago Academy Elem School,1.5%,5.2%,26.2%,26.2%,18.5%,,,,,,,
15016299025245C,400180,Charter,KIPP Chicago Charter School - KIPP One Academy,1.5%,21.9%,30.6%,22.9%,15.6%,,,,,,,
150162990252516,610230,Network 1,Wildwood Elem School,1.6%,5.0%,10.9%,13.2%,15.0%,,,,,,,
150162990252971,610589,Network 8,Sor Juana Ines de la Cruz,1.6%,5.8%,26.2%,13.3%,11.1%,,,,,,,
150162990252293,610016,Network 10,Kellogg Elem School,1.6%,6.1%,14.0%,9.3%,12.0%,,,,,,,
150162990252497,610366,ISP,Wacker Elem School,1.6%,14.4%,25.4%,18.0%,16.4%,,,,,,,
150162990252739,610084,Network 10,Keller Elem Gifted Magnet School,1.7%,1.8%,9.4%,8.9%,0.0%,,,,,,,
150162990252183,609901,Network 1,Edgebrook Elem School,1.7%,2.5%,7.7%,11.1%,11.5%,,,,,,,
150162990252967,610548,ISP,STEM Magnet Academy Elem,1.8%,3.3%,17.7%,11.3%,9.3%,,,,,,,
150162990252919,610170,ISP,Columbia Explorers Elem Academy,1.8%,6.7%,21.2%,19.4%,15.8%,,,,,,,
150162990252235,609959,Network 6,Haines Elem School,1.9%,1.7%,7.1%,7.1%,8.1%,,,,,,,
150162990252104,609820,Network 4,Burley Elem School,1.9%,3.4%,13.1%,11.1%,9.1%,,,,,,,
150162990252358,610078,Network 4,Inter-American Elem Magnet School,1.9%,6.6%,22.3%,21.0%,16.9%,,,,,,,
150162990252130,609853,Network 4,Chase Elem School,1.9%,13.8%,41.2%,36.2%,23.4%,,,,,,,
150162990252941,610405,Network 6,Suder Montessori Elem Magnet Schl,1.9%,14.9%,33.2%,32.9%,25.0%,,,,,,,
150162990252283,610060,Network 6,Chicago World Language Academy,2.0%,4.2%,16.1%,12.7%,14.6%,,,,,,,
150162990252315,610039,Network 4,Linne Elem School,2.0%,5.7%,22.7%,20.9%,28.8%,,,,,,,
150162990252410,610136,Network 4,Prescott Elem School,2.0%,7.5%,18.1%,15.1%,15.5%,,,,,,,
150162990252949,610515,Network 14,Disney II Elem School,2.1%,1.5%,14.5%,16.8%,17.9%,,,,,,,
150162990252434,610155,Network 1,Sauganash Elem School,2.1%,3.1%,13.4%,14.6%,16.2%,,,,,,,
150162990252086,610350,Network 12,Black Magnet Elem School,2.1%,7.2%,19.4%,10.8%,12.9%,,,,,,,
150162990252062,609782,Network 4,Audubon Elem School,2.2%,3.6%,13.6%,14.9%,12.3%,,,,,,,
150162990252254,609979,Network 6,Healy Elem School,2.2%,4.5%,11.8%,10.5%,11.5%,,,,,,,
150162990252108,609828,Network 6,Burr Elem School,2.2%,5.6%,19.4%,12.5%,16.8%,,,,,,,
150162990252955,610520,ISP,LaSalle II Lang Acad Elem Sch,2.2%,6.9%,18.3%,17.5%,19.4%,,,,,,,
150162990252193,610362,Network 11,Evers Elem School,2.2%,10.5%,30.5%,30.6%,32.5%,,,,,,,
15016299025263C,400089,Charter,Acero Chtr Sch Network - Officer Donald J Marquez  Elem,2.2%,23.3%,43.8%,27.7%,26.4%,,,,,,,
150162990252842,610329,Network 7,Orozco Elem Fine Arts & Sciences,2.3%,5.1%,15.5%,12.2%,16.7%,,,,,,,
150162990252070,609792,Network 1,Bateman Elem School,2.3%,11.4%,19.3%,22.9%,23.1%,,,,,,,
150162990252850,610212,Network 1,Albany Park Multicultural Elem,2.3%,14.6%,22.4%,28.1%,20.6%,,,,,,,
150162990252355,610074,Network 4,Logan Square Elementary,2.3%,19.5%,45.9%,37.8%,41.4%,,,,,,,
150162990252265,609994,Network 1,Hibbard Elem School,2.4%,12.6%,25.9%,21.4%,26.4%,,,,,,,
15016299025246C,400025,Charter,CICS - Bucktown Campus,2.4%,20.3%,51.5%,39.8%,42.3%,,,,,,,
150162990252826,609895,ISP,Turner-Drew Elem Language Academy,2.4%,24.3%,26.0%,26.1%,31.6%,,,,,,,
150162990252959,610534,Network 4,Skinner North Elem Sch,2.5%,1.3%,11.6%,13.2%,11.7%,,,,,,,
150162990252141,609866,Network 2,Coonley Elem School,2.5%,2.9%,12.5%,12.4%,13.8%,,,,,,,
150162990252285,610011,Network 2,Jamieson Elem School,2.5%,7.1%,20.7%,23.0%,25.1%,,,,,,,
15016299025251C,400030,Charter,CICS - West Belden Campus,2.5%,7.6%,29.1%,26.1%,18.6%,,,,,,,
15016299025268C,400120,Charter,Acero Chtr Sch Newtwork - Roberto Clemente Elem School,2.5%,14.4%,30.0%,27.6%,29.8%,,,,,,,
150162990252972,610590,Network 9,Bronzeville Classical Elementary School,2.6%,2.7%,13.0%,6.8%,8.3%,,,,,,,
150162990252458,610177,Network 6,Skinner Elem School,2.6%,7.5%,10.9%,13.8%,23.6%,,,,,,,
150162990252958,610533,Network 3,Prieto Math-Science Elem Sch,2.6%,21.8%,40.6%,31.0%,30.7%,,,,,,,
150162990252126,609849,ISP,Cassell Elem School,2.7%,8.9%,26.4%,23.4%,19.9%,,,,,,,
150162990252923,609922,Network 3,Belmont-Cragin Elem School,2.7%,11.1%,33.0%,34.0%,24.9%,,,,,,,
150162990252886,610148,ISP,Chavez Elem Multicultural Acad Ct,2.7%,19.2%,34.8%,24.0%,14.3%,,,,,,,
150162990252953,610523,Network 1,Edison Park Elem School,2.8%,3.8%,17.4%,19.9%,19.9%,,,,,,,
150162990252306,610033,Network 4,LaSalle Elem Language Academy,2.8%,5.5%,30.5%,22.1%,23.5%,,,,,,,
150162990252376,610099,Network 1,Norwood Park Elem School,2.8%,6.4%,16.3%,18.2%,17.0%,,,,,,,
150162990252373,610096,Network 8,Nightingale Elem School,2.8%,18.7%,32.9%,27.3%,28.0%,,,,,,,
150162990252416,610141,Network 2,Ravenswood Elem School,2.9%,6.4%,19.0%,22.8%,18.4%,,,,,,,
150162990252207,609926,Network 4,Franklin Elem Fine Arts Center,2.9%,11.0%,26.9%,17.2%,19.5%,,,,,,,
150162990252129,609852,Network 2,Chappell Elem School,3.0%,2.6%,17.2%,21.5%,15.2%,,,,,,,
150162990252384,610105,Network 1,Oriole Park Elem School,3.0%,8.3%,21.9%,23.3%,20.1%,,,,,,,
150162990252399,610122,ISP,Peirce Elem Intl Studies School,3.1%,11.2%,20.7%,18.7%,20.7%,,,,,,,
150162990252935,610354,Network 1,North River Elem School,3.1%,15.6%,28.7%,21.2%,32.5%,,,,,,,
150162990252406,610131,ISP,Plamondon Elem School,3.1%,26.4%,35.9%,38.9%,30.4%,,,,,,,
150162990252314,610038,Network 4,Lincoln Elem School,3.2%,4.4%,13.9%,14.3%,15.3%,,,,,,,
150162990252182,609899,Network 1,Ebinger Elem School,3.2%,6.4%,17.2%,18.7%,16.9%,,,,,,,
150162990252491,610207,Network 10,Vanderpoel Elem Magnet School,3.2%,10.0%,26.6%,16.5%,17.5%,,,,,,,
150162990252148,609875,Network 4,Darwin Elem School,3.2%,13.5%,26.0%,24.2%,29.3%,,,,,,,
150162990252510,610229,Network 6,Pritzker Elem School,3.2%,13.8%,18.7%,16.0%,18.2%,,,,,,,
150162990252284,610010,Network 4,Jahn Elem School,3.2%,15.8%,32.9%,35.8%,41.2%,,,,,,,
15016299025228C,400021,Charter,Catalyst Charter-Circle Rock ES,3.2%,16.8%,39.8%,28.5%,23.7%,,,,,,,
150162990252918,610199,Network 13,Colemon J Elem Academy,3.2%,17.2%,27.0%,28.3%,25.8%,,,,,,,
150162990252478,610197,Network 6,Talcott Elem School,3.3%,6.0%,25.3%,23.0%,33.5%,,,,,,,
150162990252743,610316,Network 12,Earhart Elem Opt for Knowl School,3.3%,9.6%,19.9%,19.4%,20.0%,,,,,,,
150162990252404,610129,Network 7,Pickard Elem School,3.3%,11.8%,29.3%,21.8%,27.9%,,,,,,,
150162990252503,610219,Network 13,Washington  G Elem School,3.3%,13.7%,41.0%,30.6%,29.1%,,,,,,,
15016299025283C,400046,Charter,LEARN Chtr - Butler,3.3%,17.9%,21.1%,20.4%,12.1%,,,,,,,
150162990252177,610188,Network 13,Dunne Technology Acad Elem Sch,3.4%,10.3%,32.9%,19.1%,18.6%,,,,,,,
150162990252951,400068,Contract,Plato Learning Acad  Elem School,3.4%,36.7%,35.7%,32.1%,44.6%,,,,,,,
150162990252214,609937,Network 1,Garvy  J Elem School,3.5%,6.6%,19.9%,27.1%,22.7%,,,,,,,
150162990252945,610503,ISP,Frazier Perspectives Magnet ES,3.5%,14.5%,35.1%,31.4%,41.0%,,,,,,,
150162990252294,610019,Network 11,Kershaw Elem School,3.5%,20.7%,31.0%,25.6%,23.9%,,,,,,,
15016299025278C,400031,Charter,CICS - Wrightwood,3.5%,26.4%,48.0%,30.1%,32.1%,,,,,,,
150162990252922,610287,Network 10,Ashburn Community Elem School,3.6%,10.0%,39.9%,28.3%,33.2%,,,,,,,
150162990252504,610220,Network 2,Waters Elem School,3.6%,10.5%,18.2%,19.6%,16.0%,,,,,,,
150162990252476,610195,Network 10,Sutherland Elem School,3.6%,11.3%,22.3%,18.5%,19.0%,,,,,,,
150162990252150,609879,Network 10,Dawes Elem School,3.6%,16.9%,36.7%,35.5%,37.4%,,,,,,,
15016299025282C,400044,Charter,KIPP Chicago Charters - Ascend Academy,3.6%,28.4%,41.0%,38.3%,35.3%,,,,,,,
15016299025285C,400080,Charter,Acero Chtr Sch Network - PFC Omar E Torres Elem Sch,3.7%,11.6%,43.7%,37.8%,33.5%,,,,,,,
150162990252048,610032,Network 11,Green  W Elem School,3.7%,15.1%,28.5%,29.9%,24.7%,,,,,,,
150162990252299,610026,ISP,Kinzie Elem School,3.8%,8.7%,24.9%,22.3%,22.3%,,,,,,,
150162990252102,609818,Network 3,Burbank Elem School,3.8%,12.8%,37.3%,35.7%,37.5%,,,,,,,
15016299025235C,400159,Charter,Christopher House Chrt ES,3.8%,18.1%,34.0%,26.5%,34.4%,,,,,,,
150162990252943,610396,Network 10,Tarkington Elem School,3.8%,18.6%,31.8%,31.4%,31.6%,,,,,,,
150162990252098,609813,Network 12,Brownell Elem School,3.8%,29.3%,58.7%,37.1%,38.0%,,,,,,,
150162990252468,610191,Network 2,Stone Elem Scholastic Academy,3.9%,4.8%,17.0%,22.3%,21.2%,,,,,,,
150162990252353,610073,ISP,Mitchell Elem School,3.9%,6.7%,23.3%,17.9%,19.5%,,,,,,,
150162990252370,610094,Network 4,Nettelhorst Elem School,3.9%,7.7%,19.5%,21.1%,20.7%,,,,,,,
150162990252220,609942,Network 4,Goethe Elem School,3.9%,13.2%,29.5%,28.8%,29.7%,,,,,,,
150162990252924,610231,Network 6,National Teachers Elem Academy,3.9%,26.1%,32.5%,29.6%,26.5%,,,,,,,
150162990252512,610225,Network 13,Whistler Elem School,3.9%,26.8%,54.5%,31.0%,38.3%,,,,,,,
15016299025280C,400092,Charter,CICS - Bond Campus,3.9%,55.0%,70.2%,50.8%,57.7%,,,,,,,
150162990252160,610363,Network 2,Disney Elem Magnet School,4.0%,9.6%,23.5%,23.2%,23.6%,,,,,,,
150162990252066,609788,Network 10,Barnard Elem Comp Math & Sci Ctr,4.0%,23.5%,41.6%,33.5%,36.4%,,,,,,,
150162990252078,609796,Network 1,Beaubien Elem School,4.1%,7.8%,22.6%,21.9%,25.4%,,,,,,,
150162990252213,609935,Network 13,Gallistel Elem Language Academy,4.1%,9.2%,39.6%,35.3%,25.1%,,,,,,,
150162990252089,609804,Network 2,Mosaic School of Fine Arts,4.1%,14.3%,37.6%,35.4%,38.6%,,,,,,,
150162990252300,610027,ISP,Kipling Elem School,4.1%,20.6%,32.7%,27.5%,29.3%,,,,,,,
15016299025270C,400153,Charter,Acero Chtr Sch Network - Brighton Park Elem School,4.1%,32.9%,39.8%,30.4%,22.0%,,,,,,,
150162990252402,610126,Network 9,Pershing Elem Humanities Magnet,4.1%,34.9%,36.6%,30.4%,37.9%,,,,,,,
150162990252209,609928,Network 9,James Farmer Jr. Elementary,4.1%,41.1%,62.3%,49.4%,46.7%,,,,,,,
150162990252053,609774,Network 4,Alcott Elem School,4.2%,2.3%,11.6%,12.8%,15.4%,,,,,,,
150162990252268,609995,Network 1,Hitch Elem School,4.2%,7.4%,25.5%,24.8%,24.7%,,,,,,,
150162990252349,610070,Network 2,McPherson Elem School,4.2%,9.9%,22.6%,20.9%,23.4%,,,,,,,
150162990252269,609996,ISP,Holden Elem School,4.2%,15.2%,38.5%,29.0%,36.9%,,,,,,,
150162990252123,609844,Network 9,Carter Elem School,4.2%,19.2%,37.3%,30.0%,35.0%,,,,,,,
150162990252244,60996900.0%,Network 9,Bret Harte Elem School,4.2%,21.8%,41.0%,35.0%,45.8%,,,,,,,
150162990252109,60982900.0%,Network 8,Burroughs Elem School,4.3%,19.8%,32.3%,31.9%,29.8%,,,,,,,
150162990252954,61052100.0%,ISP,Davis M Magnet Elem School,4.3%,23.8%,36.4%,24.0%,27.9%,,,,,,,
150162990252475,61019400.0%,Network 5,Sumner Elem Math & Sci Comm Acad,4.3%,31.0%,31.9%,22.8%,23.9%,,,,,,,
15016299025217C,40003500.0%,Charter,Chicago Math & Sci Elem Charter,4.4%,5.7%,20.8%,18.1%,22.9%,,,,,,,
150162990252203,609918,Network 2,Field Elem School,4.4%,8.7%,29.6%,32.0%,39.3%,,,,,,,
150162990252881,610325,Network 4,Avondale - Logandale Elementary School,4.4%,15.7%,29.3%,33.1%,33.8%,,,,,,,
150162990252223,609945,Network 2,Goudy Technology Academy,4.4%,16.8%,21.6%,26.3%,33.3%,,,,,,,
150162990252864,609872,Network 7,Perez Elem School,4.4%,23.6%,34.3%,27.7%,36.7%,,,,,,,
150162990252900,609993,ISP,Lara Elem Academy,4.4%,27.4%,40.0%,36.9%,42.0%,,,,,,,
150162990252159,609885,Network 8,Dewey Elem Academy of Fine Arts,4.4%,38.7%,61.6%,36.9%,28.2%,,,,,,,
150162990252087,609803,Network 4,Blaine Elem School,4.5%,3.0%,12.1%,10.8%,10.7%,,,,,,,
150162990252603,609874,Network 1,Dirksen Elem School,4.5%,8.3%,27.3%,34.5%,31.8%,,,,,,,
150162990252876,609842,ISP,Carson Elem School,4.5%,10.9%,31.6%,20.3%,23.0%,,,,,,,
150162990252829,610017,Network 7,Saucedo Elem Scholastic Academy,4.5%,13.4%,43.3%,36.5%,44.9%,,,,,,,
150162990252059,609779,ISP,Armstrong G Elem IntL Studies,4.5%,15.8%,29.4%,28.4%,25.9%,,,,,,,
150162990252142,609867,Network 7,Cooper Elem Dual Language Academy,4.5%,16.8%,30.5%,26.0%,41.5%,,,,,,,
150162990252892,609925,Network 5,Kellman Corporate Community Elem,4.5%,19.8%,36.7%,32.3%,40.1%,,,,,,,
150162990252226,609949,Network 1,Gray Elem School,4.5%,20.0%,36.3%,33.9%,34.4%,,,,,,,
15016299025264C,400079,Charter,Acero Chtr Sch Network - SPC Daniel Zizumbo Elem Sch,4.6%,20.7%,29.5%,29.8%,27.6%,,,,,,,
150162990252903,609977,Network 9,Woodlawn Elem Community School,4.6%,32.7%,66.7%,36.8%,41.3%,,,,,,,
150162990250803,610304,ISP,Phoenix Military Academy HS,4.6%,51.5%,40.4%,39.0%,45.4%,,,,,,,
150162990252383,610104,Network 1,Onahan Elem School,4.7%,7.2%,21.4%,23.0%,16.4%,,,,,,,
150162990252273,610000,Network 3,Howe Elem School,4.7%,8.7%,50.3%,41.7%,52.6%,,,,,,,
15016299025284C,400112,Charter,Acero Chtr Sch Network  - Jovita Idar Elem School,4.7%,10.0%,26.0%,32.2%,26.2%,,,,,,,
150162990252119,609836,Network 1,Canty Elem School,4.7%,10.1%,28.5%,26.7%,31.9%,,,,,,,
150162990252494,610209,Network 1,Volta Elem School,4.7%,11.1%,33.5%,28.9%,27.4%,,,,,,,
150162990252081,609798,Network 1,Belding Elem School,4.7%,11.9%,23.6%,25.5%,27.2%,,,,,,,
150162990252492,610208,Network 13,Lavizzo Elem School,4.7%,12.3%,48.2%,27.0%,41.5%,,,,,,,
150162990252426,610147,ISP,Rogers Elem School,4.7%,12.7%,23.6%,24.8%,26.2%,,,,,,,
150162990252933,610352,Network 10,Durkin Park Elem School,4.7%,13.0%,33.0%,32.6%,31.8%,,,,,,,
150162990252280,610006,Network 10,Hurley Elem School,4.7%,16.6%,34.0%,32.0%,36.4%,,,,,,,
15016299025266C,400101,Charter,Acero Chtr Sch Network- Sandra Cisneros Elem School,4.7%,20.5%,56.6%,24.2%,29.3%,,,,,,,
150162990252328,610052,Network 12,Mann Elem School,4.7%,27.7%,36.5%,33.2%,33.7%,,,,,,,
150162990252112,609832,Network 10,Byrne Elem School,4.8%,10.1%,33.2%,35.7%,27.7%,,,,,,,
150162990252461,610182,Network 1,Solomon Elem School,4.8%,10.8%,19.7%,30.9%,34.5%,,,,,,,
150162990252802,610290,Network 11,Mays Elem Academy,4.8%,14.6%,26.7%,41.2%,44.5%,,,,,,,
150162990250764,609755,Network 15,Young Magnet High School,4.8%,15.2%,18.7%,15.7%,15.5%,,,,,,,
150162990252444,610165,Network 3,Schubert Elem School,4.8%,26.9%,43.6%,39.9%,40.8%,,,,,,,
150162990252855,609990,ISP,South Loop Elem School,4.9%,11.3%,20.8%,17.5%,21.7%,,,,,,,
150162990252094,609809,Network 4,Brentano Elem Math & Science Acad,4.9%,11.9%,28.1%,28.8%,20.5%,,,,,,,
150162990252914,610226,ISP,Sandoval Elem School,4.9%,18.5%,41.6%,34.2%,36.1%,,,,,,,
15016299025272C,400048,Charter,LEARN Charter Excel Campus,4.9%,25.4%,45.7%,46.7%,25.0%,,,,,,,
150162990252231,609955,Network 11,Gresham Elem School,4.9%,27.7%,31.1%,21.2%,28.4%,,,,,,,
150162990252737,610312,ISP,McDowell Elem School,5.0%,15.3%,27.6%,17.3%,0.0%,,,,,,,
150162990252963,610539,ISP,Camras Elem School,5.0%,18.5%,38.1%,32.0%,33.1%,,,,,,,
150162990252366,610090,Network 9,Murray Elem Language Academy,5.0%,21.0%,33.4%,30.3%,28.6%,,,,,,,
150162990252926,610249,ISP,Talman Elem School,5.0%,22.6%,40.9%,38.6%,28.9%,,,,,,,
150162990252878,610009,Network 6,Galileo Elem Math & Sci Schol Acd,5.1%,8.8%,25.4%,18.1%,22.4%,,,,,,,
150162990252477,610196,Network 2,Swift Elem Specialty School,5.1%,10.7%,24.1%,31.2%,35.7%,,,,,,,
150162990252897,609973,Network 7,Zapata Elem Academy,5.1%,15.5%,36.8%,32.2%,37.4%,,,,,,,
150162990252303,610029,Network 6,Lozano Elem Bilingual & Intl Ctr,5.1%,21.5%,50.5%,56.4%,68.6%,,,,,,,
150162990252263,609991,Network 7,Herzl Elem School,5.1%,33.0%,54.6%,50.9%,44.1%,,,,,,,
150162990252367,610091,Network 13,Brown R Elem Community Acad,5.1%,38.8%,51.1%,24.7%,28.4%,,,,,,,
150162990252413,610138,Network 6,Pulaski Intl Sch of Chicago,5.2%,11.9%,22.8%,19.2%,22.0%,,,,,,,
15016299025254C,400027,Charter,CICS - Irving Park Campus,5.2%,15.6%,32.6%,40.6%,28.9%,,,,,,,
150162990252161,609887,Network 12,Dixon Elem School,5.2%,16.0%,31.3%,24.0%,28.8%,,,,,,,
150162990252356,610076,Network 5,Moos Elem School,5.2%,18.2%,42.8%,37.1%,37.9%,,,,,,,
15016299025101C,400146,Charter,KIPP Academy Chicago Campus,5.2%,23.7%,51.2%,40.0%,38.4%,,,,,,,
150162990252395,610116,Network 12,Parkside Elem Community Academy,5.2%,44.0%,50.7%,44.5%,51.1%,,,,,,,
150162990252409,610135,Network 1,Portage Park Elem School,5.3%,15.5%,32.7%,33.7%,33.7%,,,,,,,
150162990252930,610284,Network 2,New Field Elem School,5.3%,20.0%,35.5%,33.6%,34.8%,,,,,,,
150162990252194,609910,Network 3,Falconer Elem School,5.3%,22.9%,44.6%,37.3%,37.5%,,,,,,,
150162990252352,610293,Network 5,Melody Elem School,5.4%,11.4%,16.7%,7.6%,5.7%,,,,,,,
15016299025261C,400082,Charter,Acero Chtr Sch Network - Carlos Fuentes  Elem School,5.4%,15.3%,29.8%,31.3%,27.0%,,,,,,,
15016299025258C,400076,Charter,Univ of Chicago Chtr-Nth Kenwood,5.4%,20.5%,37.9%,36.5%,31.3%,,,,,,,
150162990252341,610063,Network 7,McCormick Elem School,5.4%,21.5%,41.2%,35.5%,41.5%,,,,,,,
150162990252637,610004,Network 13,Cullen Elem School,5.4%,21.7%,41.9%,21.9%,26.5%,,,,,,,
150162990252505,610221,Network 5,Webster Elem School,5.4%,33.7%,47.8%,34.9%,34.6%,,,,,,,
150162990252255,609981,Network 10,Hearst Elem School,5.4%,37.3%,47.3%,37.6%,41.4%,,,,,,,
150162990252101,609817,ISP,Budlong Elem School,5.5%,10.4%,25.9%,29.8%,30.8%,,,,,,,
150162990252095,609810,Network 1,Bridge Elem School,5.5%,13.1%,33.0%,33.3%,32.0%,,,,,,,
15016299025022C,400162,Charter,Intrinsic Charter High School,5.5%,20.5%,37.7%,37.7%,44.2%,,,,,,,
15016299025218C,400050,Charter,Namaste Elem Charter School,5.5%,30.3%,46.6%,37.2%,36.0%,,,,,,,
150162990252908,610100,Network 5,West Park Elem Academy,5.6%,9.6%,32.0%,38.2%,32.4%,,,,,,,
150162990252465,610185,Network 10,Stevenson Elem School,5.6%,13.8%,34.0%,31.0%,41.2%,,,,,,,
150162990252296,610022,Network 2,Kilmer Elem School,5.6%,15.7%,29.4%,27.8%,28.5%,,,,,,,
150162990250832,610402,Network 14,Devry Advantage Academy High Schl,5.6%,18.4%,37.0%,43.7%,30.1%,,,,,,,
150162990252107,609827,Network 12,Burnside Elem Scholastic Academy,5.6%,20.3%,23.1%,23.7%,27.3%,,,,,,,
150162990252618,609927,Network 11,Foster Park Elem School,5.6%,28.3%,32.3%,27.5%,45.5%,,,,,,,
150162990252773,610128,Network 13,Garvey  M Elem School,5.6%,39.4%,43.1%,35.0%,30.8%,,,,,,,
150162990252622,609944,Network 13,Grissom Elem School,5.7%,9.3%,38.4%,29.9%,29.6%,,,,,,,
150162990250794,609749,Network 14,Northside College Preparatory Hs,5.7%,12.8%,26.5%,24.6%,30.9%,,,,,,,
150162990252873,610319,Network 8,Evergreen Academy Elem School,5.7%,13.0%,27.4%,26.9%,25.7%,,,,,,,
150162990252330,610053,Network 10,Marquette Elem School,5.7%,18.2%,39.9%,25.8%,22.2%,,,,,,,
150162990252965,610542,ISP,West Ridge Elem School,5.7%,20.1%,36.0%,35.2%,40.6%,,,,,,,
150162990252051,609772,Network 13,Addams Elem School,5.7%,21.9%,41.2%,36.6%,31.4%,,,,,,,
15016299025259C,400083,Charter,Acero Chtr Sch Network - Octavio Paz Elem School,5.7%,35.6%,36.5%,22.9%,23.4%,,,,,,,
150162990252232,609956,Network 10,Grimes Elem School,5.8%,10.9%,37.6%,33.5%,32.4%,,,,,,,
150162990252227,609850,Network 4,Greeley Elem School,5.8%,12.8%,28.4%,27.7%,48.0%,,,,,,,
150162990252862,610021,Network 5,Casals Elem School,5.8%,18.4%,36.8%,25.0%,24.3%,,,,,,,
150162990252374,610097,Network 4,Nixon Elem School,5.8%,24.2%,45.8%,40.8%,41.4%,,,,,,,
150162990252964,610541,Network 4,Garcia Lorca Elem School,5.8%,25.9%,35.8%,32.2%,29.0%,,,,,,,
150162990252488,610203,Network 8,Monarcas Academy,5.8%,30.9%,39.0%,37.2%,31.1%,,,,,,,
150162990252316,610040,Network 3,Lloyd Elem School,5.9%,15.7%,43.5%,36.7%,40.7%,,,,,,,
150162990252120,609837,Network 9,Carnegie Elem School,5.9%,20.9%,48.4%,34.4%,28.4%,,,,,,,
150162990252828,610342,Network 6,Sabin Elem Magnet School,5.9%,29.1%,51.7%,50.8%,60.4%,,,,,,,
15016299025241C,400168,Charter,Great Lakes Academy Charter ES,5.9%,34.1%,29.5%,23.2%,22.6%,,,,,,,
150162990252097,609812,Network 6,Brown  W Elem School,5.9%,38.2%,44.4%,33.7%,43.7%,,,,,,,
150162990252605,610367,Network 3,Depriest Elem School,5.9%,59.3%,60.5%,52.4%,53.1%,,,,,,,
150162990252371,610095,Network 4,Newberry Elem Math & Science Acad,6.0%,15.4%,43.4%,40.2%,43.5%,,,,,,,
150162990252703,610291,ISP,Lee Elem School,6.0%,17.0%,36.7%,31.6%,34.3%,,,,,,,
150162990252202,609917,Network 13,Fernwood Elem School,6.0%,22.7%,50.2%,26.8%,26.3%,,,,,,,
150162990252934,610353,Network 8,Calmeca Acad Elem School,6.0%,24.2%,35.6%,34.9%,29.8%,,,,,,,
150162990252292,610015,ISP,Jungman Elem School,6.0%,26.7%,54.4%,39.1%,40.5%,,,,,,,
150162990252138,609863,ISP,Ruth Bader Ginsburg Elementary,6.1%,4.9%,29.8%,20.7%,23.1%,,,,,,,
150162990252412,610137,Network 1,Prussing Elem School,6.1%,10.0%,30.8%,38.5%,38.9%,,,,,,,
150162990252968,610559,ISP,Shields Middle School,6.1%,19.4%,41.4%,38.1%,40.5%,,,,,,,
150162990252469,610184,Network 16,Spry Elem Community School,6.1%,20.6%,31.6%,34.3%,43.8%,,,,,,,
150162990252319,610043,Network 3,Lovett Elem School,6.1%,23.2%,33.7%,20.6%,25.9%,,,,,,,
150162990252634,610282,Network 3,McNair Elem School,6.1%,35.2%,44.9%,35.1%,31.3%,,,,,,,
150162990252785,610281,Network 12,Powell Elem Paideia Comm Academy,6.1%,38.0%,44.1%,39.9%,41.4%,,,,,,,
150162990252398,610120,ISP,Peck Elem School,6.2%,15.8%,38.9%,30.3%,30.9%,,,,,,,
15016299025109C,400165,Charter,LEARN Chtr - Middle School,6.2%,16.6%,40.4%,64.1%,35.1%,,,,,,,
150162990252726,610068,Network 3,Hanson Park Elem School,6.2%,17.8%,32.7%,35.5%,39.9%,,,,,,,
150162990252239,609960,Network 10,Hale Elem School,6.2%,17.9%,40.8%,32.7%,36.3%,,,,,,,
150162990252135,609861,Network 10,Clissold Elem School,6.2%,18.9%,32.2%,26.7%,28.6%,,,,,,,
150162990252417,610142,Network 9,Ray Elem School,6.2%,19.1%,31.5%,30.1%,41.5%,,,,,,,
150162990252211,609930,Network 4,Funston Elem School,6.2%,26.0%,42.7%,38.6%,35.4%,,,,,,,
15016299025229C,400009,Charter,Academy for Global Citizenship,6.2%,26.3%,39.7%,27.8%,25.0%,,,,,,,
150162990252804,609902,Network 13,Metcalfe Elem Community Academy,6.2%,42.7%,63.1%,42.6%,27.4%,,,,,,,
150162990252700,609795,ISP,Clark  G R Elem School,6.3%,14.4%,26.7%,24.3%,22.6%,,,,,,,
150162990252396,610117,Network 8,Pasteur Elem School,6.3%,18.4%,40.6%,41.9%,37.4%,,,,,,,
150162990252229,609952,Network 8,Greene N Elem School,6.3%,20.1%,30.6%,30.7%,35.0%,,,,,,,
15016299025103C,400163,Charter,KIPP Chicago Charters - Bloom Campus,6.3%,26.7%,41.2%,38.7%,39.2%,,,,,,,
150162990252429,610153,Network 11,Ryder Elem Math & Sci Spec School,6.4%,9.2%,41.1%,39.6%,47.7%,,,,,,,
150162990252403,610127,Network 1,Peterson Elem School,6.4%,13.3%,28.2%,28.0%,28.9%,,,,,,,
150162990252134,609859,ISP,Clinton Elem School,6.4%,14.5%,39.6%,33.3%,31.0%,,,,,,,
150162990252167,609893,Network 10,Dore Elem School,6.4%,16.2%,31.6%,32.3%,30.8%,,,,,,,
150162990252513,610227,Network 7,Whitney Elem School,6.4%,24.9%,37.1%,33.8%,41.6%,,,,,,,
150162990252435,610157,Network 8,Sawyer Elem School,6.4%,26.2%,37.1%,36.4%,33.8%,,,,,,,
150162990252912,609780,Network 14,Marine Leadership Academy - Ames,6.4%,36.4%,53.2%,53.0%,62.3%,,,,,,,
150162990252289,610013,Network 7,Pilsen Elem Community Academy,6.5%,15.8%,30.4%,25.7%,29.5%,,,,,,,
150162990252175,610263,Network 9,Dulles Elem School,6.5%,27.5%,42.2%,21.2%,27.0%,,,,,,,
150162990252122,609839,Network 10,Carroll Elem School,6.5%,27.7%,36.8%,32.4%,32.8%,,,,,,,
15016299025276C,400151,Charter,LEARN Chtr - 7th Campus,6.5%,28.5%,32.1%,19.5%,20.4%,,,,,,,
150162990252153,609883,Network 12,Deneen Elem School,6.5%,34.0%,43.9%,37.6%,35.2%,,,,,,,
150162990252457,610176,Network 13,Shoop Math-Sci Tech Elem Academy,6.5%,35.8%,36.4%,30.1%,34.6%,,,,,,,
150162990252387,610108,Network 11,OToole Elem School,6.6%,39.9%,50.8%,49.0%,56.9%,,,,,,,
150162990252206,609924,Network 11,Fort Dearborn Elem School,6.7%,10.5%,41.4%,42.4%,43.7%,,,,,,,
15016299025240C,400167,Charter,Horizon Sci Academy - Southwest Charter,6.7%,13.8%,31.3%,29.9%,21.4%,,,,,,,
150162990252391,610111,ISP,Palmer Elem School,6.7%,14.1%,28.1%,33.1%,26.4%,,,,,,,
150162990250851,400022,Contract,Chicago HS for the Arts,6.7%,14.4%,11.5%,37.9%,19.0%,,,,,,,
150162990250027,609720,Network 14,Lane Technical High School,6.7%,15.6%,29.0%,31.9%,30.4%,,,,,,,
15016299025273C,400047,Charter,LEARN Chtr-Campbell Campus,6.8%,12.2%,46.6%,40.3%,29.8%,,,,,,,
150162990252334,610056,Network 7,Mason Elem School,6.8%,43.1%,51.5%,45.5%,48.0%,,,,,,,
150162990252490,610206,Network 10,Twain Elem School,6.9%,10.0%,29.5%,27.3%,27.0%,,,,,,,
150162990252422,610145,Network 1,Reinberg Elem School,6.9%,20.3%,38.2%,34.1%,34.4%,,,,,,,
150162990252970,610588,Network 10,Richardson Middle School,6.9%,20.5%,42.0%,33.8%,30.8%,,,,,,,
150162990252783,610024,ISP,Cardenas Elem School,6.9%,22.1%,44.7%,33.8%,31.9%,,,,,,,
150162990252346,610067,Network 10,McKay Elem School,6.9%,22.1%,46.7%,39.2%,50.0%,,,,,,,
150162990252838,610215,Network 7,Madero Middle School,6.9%,26.4%,33.0%,36.3%,43.6%,,,,,,,
150162990252706,610250,ISP,Salazar Elem Bilingual Center,6.9%,27.9%,50.0%,48.9%,49.0%,,,,,,,
150162990252179,610254,Network 7,Dvorak Technology Acad Elem Sch,6.9%,32.0%,56.5%,44.8%,55.2%,,,,,,,
150162990252392,610112,Network 11,Parker Elem Community Academy,6.9%,33.8%,53.5%,45.0%,57.0%,,,,,,,
150162990252068,609790,Network 11,Barton Elem School,6.9%,35.9%,56.4%,48.7%,43.0%,,,,,,,
150162990252281,610121,Network 6,Irving Elem School,6.9%,39.0%,55.0%,54.5%,58.5%,,,,,,,
150162990252459,610179,Network 1,Smyser Elem School,7.0%,14.6%,31.5%,34.0%,35.2%,,,,,,,
150162990252185,609903,Network 8,Edwards Elem School,7.0%,20.6%,42.0%,36.9%,31.8%,,,,,,,
15016299025281C,400075,Charter,Univ of Chicago Chtr-Donoghue,7.0%,24.8%,42.0%,35.1%,33.8%,,,,,,,
150162990250772,609753,ISP,Chicago HS for Agricult Sciences,7.0%,31.7%,33.5%,31.3%,33.5%,,,,,,,
150162990252290,610274,Network 5,Johnson STEAM Elementary,7.0%,41.3%,47.7%,37.7%,35.8%,,,,,,,
150162990252870,610317,Network 8,Brighton Park Elem School,7.0%,42.1%,45.4%,41.6%,39.1%,,,,,,,
150162990252198,609912,Network 1,Farnsworth Elem School,7.1%,10.1%,27.8%,27.2%,31.0%,,,,,,,
150162990252215,609938,Network 7,Gary Elem School,7.1%,14.0%,32.6%,29.2%,33.2%,,,,,,,
150162990252438,610159,Network 1,Scammon Elem School,7.1%,20.5%,41.7%,36.0%,36.1%,,,,,,,
150162990252331,610054,Network 13,Marsh Elem School,7.1%,28.2%,45.8%,34.1%,32.8%,,,,,,,
150162990252421,610144,Network 4,Reilly Elem School,7.2%,13.4%,29.5%,27.4%,27.3%,,,,,,,
150162990252966,610544,ISP,Azuela Elem School,7.2%,19.0%,39.9%,39.3%,42.1%,,,,,,,
150162990252247,609972,ISP,Haugan Elem School,7.2%,20.8%,29.1%,27.5%,35.9%,,,,,,,
150162990252597,610532,ISP,Hernandez Middle School,7.3%,17.9%,36.2%,27.0%,25.8%,,,,,,,
150162990252323,610046,Network 3,Lyon Elem School,7.3%,21.0%,40.9%,35.4%,34.9%,,,,,,,
15016299025049C,400121,Charter,Acero Chtr Sch Network- Sor Juana Ines de la Cruz K-12,7.3%,27.0%,38.3%,34.6%,33.6%,,,,,,,
150162990252446,610167,Network 8,Seward Elem Communication Arts Ac,7.3%,39.2%,44.2%,39.2%,38.6%,,,,,,,
150162990252252,609976,Network 2,Hayt Elem School,7.4%,15.9%,30.9%,31.6%,33.5%,,,,,,,
150162990252260,609988,Network 1,Henry Elem School,7.4%,17.9%,34.7%,29.9%,41.5%,,,,,,,
15016299025221C,400049,Charter,Legacy Elem Charter School,7.4%,20.2%,36.3%,29.2%,32.0%,,,,,,,
150162990252067,609789,Network 4,Barry Elem School,7.4%,22.3%,48.0%,37.9%,45.4%,,,,,,,
150162990252092,609808,Network 13,Haley Elem Academy,7.4%,32.8%,43.0%,33.1%,26.5%,,,,,,,
15016299025028C,400054,Charter,Noble St Chtr-Pritzker College Prep,7.4%,39.1%,39.5%,28.2%,24.5%,,,,,,,
150162990252063,609786,Network 12,Avalon Park Elem School,7.5%,34.8%,57.7%,47.2%,37.4%,,,,,,,
150162990252502,610218,Network 12,Warren Elem School,7.6%,17.5%,48.3%,34.3%,34.3%,,,,,,,
150162990252867,610125,Network 7,Ruiz Elem School,7.6%,17.6%,46.7%,41.7%,53.7%,,,,,,,
15016299025110C,400017,Charter,ASPIRA Charter - Haugan Campus,7.6%,23.8%,37.9%,37.0%,39.8%,,,,,,,
150162990252127,610251,Network 5,Cather Elem School,7.6%,41.7%,52.8%,42.8%,28.8%,,,,,,,
15016299025219C,400039,Charter,Erie Elem Charter School,7.6%,44.0%,42.6%,37.0%,44.7%,,,,,,,
150162990252896,609834,ISP,Little Village Elem School,7.7%,16.4%,41.3%,37.6%,30.9%,,,,,,,
150162990252898,609950,Network 7,Ortiz De Dominguez Elem School,7.7%,22.4%,37.2%,38.0%,45.3%,,,,,,,
150162990252311,610036,Network 3,Lewis Elem School,7.7%,26.3%,42.3%,43.7%,42.1%,,,,,,,
150162990252915,610051,Network 3,Northwest Middle School,7.7%,28.4%,45.2%,41.9%,46.6%,,,,,,,
15016299025013C,400105,Charter,Urban Prep Chtr Acad Bronzeville HS,7.7%,33.6%,24.8%,31.1%,27.9%,,,,,,,
150162990252507,610300,Network 11,Westcott Elem School,7.7%,33.9%,48.3%,41.3%,41.0%,,,,,,,
150162990252246,609971,Network 11,Harvard Elem School,7.7%,50.3%,51.3%,41.3%,39.7%,,,,,,,
150162990252381,610102,Network 11,Oglesby Elem School,7.8%,19.1%,48.8%,46.6%,47.8%,,,,,,,
150162990252080,609797,Network 5,Beidler Elem School,7.8%,36.8%,42.8%,40.8%,41.5%,,,,,,,
150162990252969,610586,Network 13,Sadlowski Elementary School,7.9%,21.7%,49.2%,50.3%,35.3%,,,,,,,
150162990252344,610269,Network 2,McCutcheon Elem School,7.9%,25.7%,40.7%,37.6%,37.2%,,,,,,,
150162990252913,610057,Network 10,Fairfield Elem Academy,7.9%,28.3%,47.5%,38.4%,41.4%,,,,,,,
150162990252058,609777,ISP,Armour Elem School,7.9%,30.2%,35.2%,28.5%,30.9%,,,,,,,
150162990252800,610246,Network 9,Beasley Elem Magnet Academic Ctr,7.9%,40.1%,40.0%,33.0%,31.1%,,,,,,,
150162990252191,609908,Network 10,Esmond Elem School,8.0%,26.8%,58.3%,45.4%,43.8%,,,,,,,
15016299025107C,400077,Charter,Univ of Chicago Chtr-Woodlawn,8.0%,44.3%,54.8%,44.3%,54.2%,,,,,,,
150162990252500,610216,Network 7,Walsh Elem School,8.1%,21.6%,37.4%,41.2%,65.5%,,,,,,,
150162990252455,610174,Network 8,Shields Elem School,8.1%,30.6%,51.8%,45.2%,43.8%,,,,,,,
150162990252365,610089,Network 1,Murphy Elem School,8.2%,19.6%,33.1%,31.5%,30.8%,,,,,,,
15016299025252C,400023,Charter,CICS - Avalon/South Shore,8.2%,23.8%,44.2%,35.3%,26.9%,,,,,,,
150162990252128,609851,Network 5,Chalmers STEAM Elementary,8.2%,25.3%,50.7%,11.7%,11.4%,,,,,,,
15016299025233C,400116,Charter,Montessori of Englewood Chtr ES,8.3%,41.0%,59.4%,41.7%,36.6%,,,,,,,
15016299025230C,400096,Charter,Rowe Elementary,8.4%,26.7%,44.4%,36.4%,36.7%,,,,,,,
150162990252414,610139,Network 13,Pullman Elem School,8.4%,35.2%,52.1%,41.0%,44.5%,,,,,,,
150162990252453,610172,Network 8,Sherman Elem School,8.4%,39.2%,64.1%,47.3%,41.2%,,,,,,,
150162990252419,610143,Network 9,Reavis Elem Math & Sci Spec Schl,8.4%,57.7%,59.3%,50.2%,50.6%,,,,,,,
150162990252133,609857,Network 1,Cleveland Elem School,8.5%,16.2%,30.1%,34.4%,37.3%,,,,,,,
150162990252158,609884,Network 1,Dever Elem School,8.5%,19.0%,30.6%,32.3%,35.1%,,,,,,,
150162990252145,609870,ISP,Corkery Elem School,8.5%,22.7%,45.9%,54.7%,53.1%,,,,,,,
150162990252768,609978,Network 13,Smith  W Elem School,8.5%,40.1%,54.4%,16.3%,17.8%,,,,,,,
150162990252309,610034,Network 5,Lawndale Elem Community Academy,8.5%,61.4%,56.1%,48.4%,50.0%,,,,,,,
150162990252456,610175,Network 9,Shoesmith Elem School,8.6%,27.3%,45.6%,42.0%,56.6%,,,,,,,
150162990252454,610173,ISP,Sherwood Elem School,8.6%,30.6%,44.5%,30.9%,31.2%,,,,,,,
150162990252313,610037,Network 8,Libby Elem School,8.6%,38.8%,56.3%,48.7%,52.3%,,,,,,,
150162990252257,609985,Network 5,Hefferan Elem School,8.6%,41.7%,61.4%,51.6%,53.6%,,,,,,,
150162990252321,610044,Network 5,Lowell Elem School,8.7%,22.4%,46.5%,40.7%,43.7%,,,,,,,
150162990252767,610133,Network 5,Ward  L Elem School,8.7%,48.5%,48.9%,56.0%,42.4%,,,,,,,
15016299025044C,400179,Charter,Noble St Chtr - Mansueto,8.7%,49.5%,43.3%,34.0%,35.1%,,,,,,,
150162990252354,610276,Network 9,Mollison Elem School,8.8%,48.9%,59.9%,56.1%,51.0%,,,,,,,
150162990252498,610213,Network 9,Wadsworth Elem School,8.9%,22.1%,51.9%,49.2%,46.1%,,,,,,,
150162990250796,609680,Network 15,Payton College Preparatory HS,8.9%,24.4%,29.8%,25.3%,25.1%,,,,,,,
150162990252837,610239,Network 8,Daley Elem Academy,8.9%,39.8%,45.5%,29.0%,36.8%,,,,,,,
150162990250820,610340,Network 14,Chicago Academy High School,9.0%,15.4%,31.6%,32.5%,40.1%,,,,,,,
150162990250779,609694,Network 15,Hancock College Preparatory HS,9.0%,18.6%,26.0%,25.5%,31.1%,,,,,,,
150162990252363,610088,Network 4,Mozart Elem School,9.0%,20.4%,33.3%,45.1%,47.2%,,,,,,,
150162990252132,609856,Network 13,Clay Elem School,9.0%,27.5%,46.6%,37.7%,38.2%,,,,,,,
150162990252266,610295,Network 13,Higgins Elem Community Academy,9.0%,37.5%,60.4%,43.0%,47.9%,,,,,,,
150162990252195,610055,Network 5,Faraday Elem School,9.0%,43.9%,55.9%,54.6%,43.8%,,,,,,,
150162990252317,610041,Network 3,Locke  J Elem School,9.1%,24.3%,46.2%,40.2%,31.8%,,,,,,,
150162990252181,609898,Network 10,Eberhart Elem School,9.1%,27.9%,44.9%,42.5%,49.3%,,,,,,,
150162990252173,610364,Network 13,Dubois Elem School,9.1%,33.0%,58.1%,35.0%,27.3%,,,,,,,
150162990252362,610086,Network 13,Mount Vernon Elem School,9.1%,39.8%,54.0%,39.7%,42.4%,,,,,,,
15016299025244C,400178,Charter,Moving Everest Charter School,9.1%,49.5%,47.2%,41.7%,44.7%,,,,,,,
150162990252386,610107,Network 6,Otis Elem School,9.2%,26.7%,49.8%,50.7%,47.7%,,,,,,,
15016299025248C,400028,Charter,CICS - Prairie Campus,9.2%,28.9%,51.5%,40.8%,41.7%,,,,,,,
150162990252256,609983,Network 8,Hedges Elem School,9.2%,29.6%,44.6%,31.4%,29.0%,,,,,,,
150162990252401,610124,Network 12,Washington  H Elem School,9.2%,46.1%,38.3%,36.8%,39.8%,,,,,,,
15016299025274C,400107,Charter,LEARN Chtr - South Chicago Campus,9.2%,53.6%,32.0%,40.0%,31.8%,,,,,,,
150162990252436,610158,Network 3,Sayre Elem Language Academy,9.3%,16.1%,40.3%,41.3%,36.2%,,,,,,,
150162990252380,610101,Network 15,Ogden Elem School,9.3%,24.5%,40.7%,41.5%,49.2%,,,,,,,
15016299025214C,400060,Charter,Asian Human Services -Passage Chrtr,9.4%,11.0%,45.1%,44.4%,51.6%,,,,,,,
150162990252428,610152,Network 12,Ruggles Elem School,9.4%,26.1%,46.2%,46.5%,39.4%,,,,,,,
150162990252877,609968,Network 4,McAuliffe Elem School,9.4%,29.1%,45.5%,43.2%,38.8%,,,,,,,
150162990252083,609800,Network 13,Bennett Elem School,9.4%,29.8%,47.4%,35.5%,36.0%,,,,,,,
150162990252472,610192,Network 5,Stowe Elem School,9.4%,30.1%,43.5%,35.8%,41.0%,,,,,,,
150162990252960,610530,Network 12,South Shore Fine Arts Elem Sch,9.4%,35.1%,46.9%,38.8%,31.4%,,,,,,,
150162990252288,610271,Network 5,Jensen Elem Scholastic Academy,9.4%,39.0%,64.9%,24.9%,20.1%,,,,,,,
150162990252766,610065,Network 9,Till Elem Math & Science Academy,9.4%,66.3%,71.5%,55.9%,55.9%,,,,,,,
15016299025042C,400169,Charter,Noble St Chtr-ITW Speer Acad,9.5%,58.8%,48.4%,29.0%,34.2%,,,,,,,
150162990252052,609773,Network 4,Harriet Tubman Elem School,9.6%,10.0%,31.3%,22.6%,42.5%,,,,,,,
150162990252775,609805,Network 11,Joplin Elem School,9.6%,23.6%,46.2%,44.5%,44.6%,,,,,,,
150162990252357,610077,Network 10,Morrill Elem Math & Sci School,9.6%,30.5%,57.3%,39.8%,40.5%,,,,,,,
150162990252190,609907,Network 5,Ericson Elem Scholastic Academy,9.6%,33.0%,48.7%,34.4%,32.4%,,,,,,,
150162990252259,609987,Network 9,Hendricks Elem Community Academy,9.6%,53.0%,56.5%,50.6%,59.9%,,,,,,,
150162990252100,609815,Network 12,Bouchet Elem Math & Science Acad,9.7%,12.5%,57.2%,52.3%,52.5%,,,,,,,
150162990252895,609951,Network 9,Ariel Elem Community Academy,9.7%,23.2%,48.9%,46.5%,47.7%,,,,,,,
150162990252096,609811,Network 13,Bright Elem School,9.7%,34.3%,64.0%,59.8%,31.8%,,,,,,,
150162990252169,609894,Network 9,Drake Elem School,9.7%,39.8%,54.1%,47.3%,44.2%,,,,,,,
150162990252222,609943,Network 13,Owens Community Academy ES,9.7%,48.1%,53.6%,40.4%,38.8%,,,,,,,
15016299025035C,400098,Charter,Noble St Chtr-Muchin College Prep,9.7%,60.9%,59.7%,39.5%,41.8%,,,,,,,
150162990252889,609865,Network 2,Jordan Elem Community School,9.8%,22.4%,32.3%,38.0%,32.0%,,,,,,,
150162990252105,609821,Network 13,Burnham Elem Inclusive Academy,9.8%,35.0%,42.4%,43.1%,44.3%,,,,,,,
150162990252139,609864,Network 11,Cook Elem School,9.8%,41.7%,50.4%,30.4%,38.4%,,,,,,,
15016299025232C,400115,Charter,Catalyst Charter - Maria ES,9.9%,15.1%,41.5%,30.5%,25.7%,,,,,,,
15016299025224C,400071,Charter,Providence-Englewood Elem Charter,9.9%,20.3%,51.8%,38.3%,39.5%,,,,,,,
15016299025277C,400024,Charter,CICS - Basil Campus,9.9%,41.9%,46.8%,40.0%,41.8%,,,,,,,
15016299025247C,400033,Charter,CICS - Longwood Campus,9.9%,47.8%,69.6%,44.0%,57.3%,,,,,,,
150162990252460,610180,Network 6,Smyth  J Elem School,9.9%,56.5%,48.6%,46.0%,50.9%,,,,,,,
150162990250046,609737,Network 14,Von Steuben Metro Science HS,10.1%,31.9%,43.7%,39.3%,42.1%,,,,,,,
150162990252187,609904,Network 3,Ellington Elem School,10.1%,41.6%,59.3%,51.9%,52.4%,,,,,,,
150162990252375,610098,ISP,Nobel Elem School,10.2%,17.1%,46.4%,33.8%,35.6%,,,,,,,
150162990252937,609891,Network 9,James R Doolittle Academy,10.2%,33.5%,49.0%,38.1%,45.7%,,,,,,,
150162990252921,610355,Network 2,Courtenay Elem Language Arts Ctr,10.2%,34.2%,46.9%,49.8%,53.3%,,,,,,,
150162990252270,609997,Network 8,Holmes Elem School,10.3%,22.7%,40.2%,54.0%,67.4%,,,,,,,
150162990252400,610123,Network 7,Penn Elem School,10.3%,28.5%,51.6%,47.3%,44.8%,,,,,,,
150162990252394,610115,Network 12,Park Manor Elem School,10.3%,29.2%,37.5%,19.7%,44.9%,,,,,,,
150162990252807,609941,Network 11,Randolph Elem School,10.3%,39.1%,43.8%,34.3%,37.1%,,,,,,,
150162990252901,609921,Network 7,Telpochcalli Elem School,10.4%,21.2%,40.2%,42.7%,55.0%,,,,,,,
150162990252902,610110,Network 9,Wells Preparatory Elem Academy,10.4%,40.9%,42.8%,35.0%,36.1%,,,,,,,
150162990252118,609835,Network 5,Cameron Elem School,10.5%,24.4%,36.7%,23.0%,18.4%,,,,,,,
150162990252385,610106,Network 5,Piccolo Elem Specialty School,10.6%,25.4%,53.3%,40.4%,35.9%,,,,,,,
150162990252258,609986,Network 8,Henderson Elem School,10.6%,41.6%,51.4%,41.6%,41.4%,,,,,,,
150162990252542,610234,Network 5,Yates Elem School,10.7%,27.4%,48.1%,40.3%,48.7%,,,,,,,
150162990252267,610299,Network 11,King Academy of Social Justice,10.7%,40.1%,51.2%,46.2%,45.5%,,,,,,,
150162990250833,610391,Network 16,Lindblom Math & Science Acad HS,10.8%,42.3%,42.1%,40.8%,45.7%,,,,,,,
15016299025033C,400057,Charter,Noble St Chtr-UIC College Prep,10.8%,47.0%,60.8%,54.9%,53.1%,,,,,,,
150162990252904,609855,Network 8,Christopher Elem School,10.9%,22.7%,54.5%,54.5%,60.9%,,,,,,,
150162990252054,609848,Network 13,Aldridge Elem School,10.9%,53.4%,73.7%,45.7%,38.1%,,,,,,,
150162990252514,610228,Network 7,Whittier Elem School,11.0%,17.7%,42.8%,42.9%,62.8%,,,,,,,
150162990252275,610002,Network 12,Hoyne Elem School,11.1%,22.4%,37.2%,32.2%,30.5%,,,,,,,
150162990252224,609947,Network 6,Graham  A Elem School,11.1%,37.9%,60.2%,44.8%,51.7%,,,,,,,
150162990252729,610315,Network 13,White Elem Career Academy,11.1%,47.9%,59.1%,54.8%,47.1%,,,,,,,
150162990250859,610543,Network 15,Solorio Academy High School,11.2%,46.8%,45.2%,37.6%,37.8%,,,,,,,
150162990250533,609678,Network 15,Jones College Prep High School,11.4%,23.5%,38.6%,39.0%,35.7%,,,,,,,12.9%
150162990252464,610339,Network 11,Stagg Elem School,11.4%,29.1%,46.9%,33.5%,44.7%,,,,,,,48.0%
150162990252916,609807,Network 10,Hampton Elem Fine & Perf Arts Sch,11.4%,39.0%,52.2%,42.7%,38.0%,,,,,,,49.1%
150162990252474,610193,Network 12,Sullivan Elem School,11.5%,42.2%,50.3%,49.2%,54.1%,,,,,,,50.4%
15016299025082C,400034,Charter,CICS - Northtown  Campus,11.6%,3.7%,40.7%,46.7%,45.9%,,,,,,,57.9%
150162990252149,609876,Network 8,Davis N Elem School,11.6%,19.6%,41.6%,34.3%,36.1%,,,,,,,
150162990252324,610047,Network 12,Madison Elem School,11.6%,28.5%,60.6%,53.5%,49.0%,,,,,,,
150162990252521,610345,Network 9,Woodson South Elem School,11.6%,49.2%,63.6%,58.6%,55.7%,,,,,,,
150162990252936,610347,Network 10,Claremont Academy Elem School,11.7%,45.7%,59.5%,39.7%,36.6%,,,,,,,
15016299025111C,400181,Charter,Art in Motion Charter School,11.8%,54.2%,51.6%,34.3%,38.2%,,,,,,,
15016299025043C,400051,Charter,Noble St Chtr-The Noble Academy,12.0%,64.0%,58.6%,48.3%,48.3%,,,,,,,
150162990252893,609967,Network 7,Finkl Elem School,12.1%,24.7%,44.1%,35.2%,54.0%,,,,,,,
150162990252339,610062,Network 6,Minnie Minoso Academy,12.1%,29.3%,57.6%,39.8%,48.5%,,,,,,,
150162990252110,609830,Network 3,Brunson Math & Sci Specialty Elem,12.1%,42.9%,58.3%,46.9%,51.2%,,,,,,,
150162990252241,609964,Network 8,Hamline Elem School,12.2%,35.2%,54.8%,54.2%,46.7%,,,,,,,
15016299025206C,400011,Charter,Locke A Elem Charter Academy,12.2%,35.6%,47.7%,39.5%,38.2%,,,,,,,
150162990252276,610005,Network 7,Hughes  C Elem School,12.3%,29.4%,50.3%,52.1%,45.0%,,,,,,,
15016299025249C,400029,Charter,CICS - Washington Pk Campus,12.3%,39.4%,46.7%,41.9%,47.3%,,,,,,,
150162990252844,610257,Network 5,Morton Elem Career Academy,12.4%,40.5%,50.8%,39.5%,43.4%,,,,,,,
150162990250857,609693,Network 15,Westinghouse High School,12.4%,48.7%,47.9%,55.3%,61.5%,,,,,,,
150162990252204,609919,Network 9,Fiske Elem School,12.4%,63.0%,55.5%,47.5%,44.9%,,,,,,,
150162990252136,609862,Network 12,Coles Elem Language Academy,12.5%,36.2%,59.5%,47.1%,44.1%,,,,,,,
150162990252480,610198,Network 13,Taylor Elem School,12.6%,39.5%,46.8%,44.8%,41.6%,,,,,,,
15016299025074C,400013,Charter,ASPIRA Charter - Early College Prep HS,12.7%,37.8%,54.5%,49.7%,57.6%,,,,,,,
150162990252704,609869,Network 11,Langford A Elem School,12.8%,44.2%,39.5%,27.6%,33.2%,,,,,,,
150162990252525,610235,Network 3,Young Elem School,12.9%,39.2%,53.8%,46.6%,56.4%,,,,,,,
150162990250006,609760,Network 17,Carver Military Academy HS,12.9%,48.0%,49.1%,50.4%,57.9%,,,,,,,
150162990252452,610171,Network 12,Mireles Elem Academy,13.0%,37.0%,48.8%,43.5%,46.7%,,,,,,,
150162990252090,609806,Network 12,Bradwell Comm Arts & Sci Elem Sch,13.0%,48.2%,61.5%,56.0%,61.9%,,,,,,,
150162990250014,610563,ISP,Back of The Yards IB HS,13.1%,33.6%,51.0%,47.4%,44.6%,,,,,,,
15016299025041C,400051,Charter,Noble St Chtr-Noble Campus,13.2%,72.7%,51.9%,37.2%,34.4%,,,,,,,
150162990252799,609900,Network 13,Curtis Elem School,13.3%,35.1%,50.2%,54.7%,48.7%,,,,,,,
150162990252304,610030,Network 9,Kozminski Elem Community Academy,13.3%,37.4%,58.0%,45.5%,37.2%,,,,,,,
150162990252369,610093,Network 12,Neil Elem School,13.3%,38.4%,44.6%,38.3%,37.7%,,,,,,,
150162990252079,610237,Network 9,Beethoven Elem School,13.3%,50.7%,70.0%,50.5%,55.5%,,,,,,,
15016299025255C,400026,Charter,CICS - Loomis Primary Campus,13.4%,54.0%,65.7%,44.3%,51.5%,,,,,,,
150162990252154,610252,Network 6,Dett Elem School,13.4%,65.6%,68.9%,60.8%,59.1%,,,,,,,
150162990252487,610202,Network 5,Tilton Elem School,13.5%,12.0%,57.1%,45.7%,44.3%,,,,,,,
150162990252155,609854,Network 5,Chopin Elem School,13.5%,37.8%,56.5%,52.0%,53.7%,,,,,,,
150162990252382,610103,Network 12,OKeeffe Elem School,13.6%,42.1%,51.1%,41.1%,52.0%,,,,,,,
150162990252210,609929,Network 8,Fulton Elem School,13.7%,34.9%,41.2%,40.2%,44.7%,,,,,,,
150162990252806,609920,Network 7,Kanoon Elem Magnet School,13.8%,28.0%,52.6%,43.9%,41.9%,,,,,,,
150162990250025,609746,Network 17,Kenwood Academy High School,13.8%,31.2%,33.0%,37.5%,39.8%,,,,,,,
150162990250848,610513,Network 16,Air Force Acad High School,13.8%,32.3%,60.3%,58.9%,52.0%,,,,,,,
150162990252046,610369,Network 11,Jackson M Elem School,13.8%,37.5%,52.0%,42.2%,50.8%,,,,,,,
150162990252072,609793,Network 11,Nicholson Technology Acad Elem Sch,14.0%,26.8%,29.0%,24.5%,29.1%,,,,,,,
150162990252479,610279,Network 12,Tanner Elem School,14.2%,37.4%,61.6%,51.5%,45.9%,,,,,,,
150162990252368,610092,Network 3,Nash Elem School,14.2%,55.0%,49.5%,46.3%,50.2%,,,,,,,
15016299025037C,400117,Charter,Noble St Chtr-Hansberry College Prep - Silver,14.2%,65.0%,61.2%,49.5%,50.6%,,,22.6%,,,,
150162990252617,610003,Network 11,Cuffe Math-Sci Tech Elem Academy,14.4%,24.3%,41.8%,29.6%,31.6%,,,39.9%,,,,
150162990252823,609961,Network 12,Ninos Heroes Elem Academic Ctr,14.6%,42.4%,54.6%,43.8%,52.8%,,,29.4%,,,,
150162990252405,610130,Network 12,Pirie Elem Fine Arts & Academic C,14.6%,42.6%,53.9%,44.5%,42.4%,,,34.8%,,,,
15016299025050C,400064,Charter,Perspectives Chtr - Joslin Campus,14.6%,66.4%,74.4%,43.0%,57.5%,,,,,,,
150162990250039,609751,Network 17,King College Prep High School,14.7%,22.6%,39.9%,29.4%,34.8%,,,,,,,
150162990252620,610368,Network 13,Hughes L Elem School,14.9%,46.2%,62.6%,48.9%,43.3%,,,,,,,
150162990252437,610268,Network 12,Ashe Elem School,15.1%,46.8%,66.6%,52.6%,64.3%,,,,,,,
150162990250788,609726,ISP,Brooks College Prep Academy HS,15.3%,28.4%,49.7%,47.3%,48.7%,,,,,,,
150162990250828,610390,ISP,Rickover Naval Academy High Schl,15.3%,44.4%,49.6%,49.5%,44.7%,,,,,,,
15016299025051C,400061,Charter,Perspectives Chtr - Leadership Acad,15.3%,49.0%,66.6%,57.8%,61.5%,,,,,,,
150162990252825,610313,Network 5,De Diego Elem Community Academy,15.6%,32.1%,65.8%,58.8%,64.1%,,,,,,,
150162990252069,609791,Network 11,Bass Elem School,15.6%,45.6%,62.2%,48.1%,45.0%,,,,,,,
150162990250837,610384,Network 15,Infinity Math  Science & Tech HS,16.0%,38.9%,40.6%,40.2%,54.8%,,,,,,,
15016299025032C,400052,Charter,Noble St Chtr-Comer College Prep,16.0%,54.9%,64.8%,57.0%,52.7%,,,,,,,
150162990252636,609975,Network 3,Hay Elem Community Academy,16.2%,46.6%,55.0%,36.9%,37.8%,,,,,,,
150162990252147,609873,Network 5,Crown Elem Comm Acd Fine Arts Ctr,16.4%,23.5%,42.5%,24.2%,38.6%,,,,,,,
150162990252506,610223,Network 11,Wentworth Elem School,16.4%,46.6%,55.8%,48.0%,46.2%,,,,,,,
150162990252242,609966,Network 7,Hammond Elem School,16.5%,30.9%,48.9%,41.8%,50.2%,,,,,,,
150162990252230,609954,Network 5,Gregory Math & Sci Elem Academy,16.6%,32.3%,40.6%,26.0%,29.3%,,,,,,,
150162990252180,609897,Network 11,Earle Elem School,16.6%,32.7%,61.8%,29.1%,28.8%,,,,,,,
15016299025034C,400097,Charter,Noble St Chtr-Chicago Bulls Prep,16.6%,59.0%,60.5%,51.8%,44.0%,,,,,,,
150162990250047,609738,Network 14,Lincoln Park High School,16.8%,29.6%,52.1%,51.7%,59.3%,,,,,,,
150162990252088,610238,Network 11,Bond Elem School,16.9%,45.3%,56.4%,45.7%,34.5%,,,,,,,
150162990252484,610200,Network 12,Thorp  J N Elem School,17.1%,50.5%,60.3%,44.7%,51.4%,,,,,,,
150162990252724,610256,Network 9,Robinson Elem School,17.2%,35.7%,45.7%,47.6%,52.2%,,,,,,,
150162990250043,609734,Network 14,Taft High School,17.2%,35.8%,50.6%,59.6%,60.0%,,,,,,,
150162990252423,610146,Network 12,Revere Elem School,17.4%,44.4%,62.6%,47.5%,50.4%,,,,,,,
150162990250849,610524,Network 15,Alcott College Prep,17.4%,55.0%,54.5%,49.2%,56.2%,,,,,,,
15016299025031C,400053,Charter,Noble St Chtr-Golder College Prep,17.6%,76.3%,59.9%,46.9%,43.7%,,,,,,,
15016299025029C,400055,Charter,Noble St Chtr Rauner College Prep,17.8%,58.3%,66.2%,47.0%,39.5%,,,,,,,
15016299025053C,400066,Charter,Perspectives Chtr -  IIT Campus,17.8%,67.3%,74.3%,71.2%,67.0%,,,,,,,
150162990252093,610242,Network 2,Brennemann Elem School,17.9%,24.0%,37.6%,39.0%,43.5%,,,,,,,
150162990252113,609833,ISP,Daisy Bates Academy of Social Justice,18.2%,43.1%,55.1%,36.8%,44.3%,,,,,,,
150162990250001,609695,Network 14,Amundsen High School,18.6%,43.1%,52.1%,53.3%,49.7%,,,,,,,
150162990250053,610564,Network 14,Disney II Magnet HS,19.0%,34.9%,54.5%,56.9%,57.5%,,,,,,,
150162990250830,610392,Network 15,World Language High School,19.1%,43.6%,47.2%,51.7%,53.4%,,,,,,,
150162990252103,609819,Network 9,Burke Elem School,19.1%,47.8%,66.8%,59.6%,62.9%,,,,,,,
150162990252236,609939,Network 12,Gillespie Elem School,19.3%,23.0%,50.9%,49.4%,42.7%,,,,,,,
150162990250795,609754,Network 17,Chicago Military Academy HS,19.4%,44.8%,60.6%,59.6%,66.2%,,,,,,,
150162990252212,609933,Network 2,Gale Elem Community Academy,19.7%,30.8%,48.1%,53.2%,62.5%,,,,,,,
150162990252714,610305,Network 3,Leland Elem School,19.7%,38.2%,63.7%,56.5%,36.4%,,,,,,,
150162990252326,610048,Network 4,Manierre Elem School,19.7%,54.7%,76.0%,70.1%,74.2%,,,,,,,
150162990250037,609730,Network 14,Senn High School,20.1%,33.6%,55.3%,65.5%,67.4%,,,,,,,
150162990250855,610529,Network 15,Ogden Int High School,20.1%,42.0%,58.3%,55.5%,62.8%,,,,,,,
15016299025086C,400149,Charter,Acero Chtr Sch Network Victoria Soto Campus,20.3%,39.5%,62.3%,59.6%,56.5%,,,,,,,
150162990252372,609845,Network 13,Carver Primary School,20.6%,62.0%,78.6%,43.7%,39.8%,,,,,,,
15016299025052C,400062,Charter,Perspectives Chtr - High School of Technology,20.8%,58.4%,69.8%,62.8%,69.5%,,,,,,,
150162990250024,609718,Network 16,Kennedy High School,21.1%,45.8%,66.5%,62.6%,60.6%,,,,,,,
15016299025085C,400085,Charter,Acero Chtr Sch Network -  Major Hector P Garcia MD H S,21.2%,52.2%,62.6%,47.7%,49.0%,,,,,,,
15016299025039C,400156,Charter,Noble St Chtr-Butler College Prep - Crimson,21.4%,70.2%,73.8%,51.8%,52.8%,,,,,,,
150162990250850,400091,Contract,Chicago Technology Academy HS,21.6%,48.8%,57.2%,48.3%,58.4%,,,,,,,
15016299025040C,400157,Charter,Noble St Chtr-Baker Campus,21.6%,63.1%,76.9%,61.9%,59.2%,,,,,,,
15016299025236C,400161,Charter,Chicago Collegiate Charter School,21.7%,36.8%,75.8%,69.2%,71.6%,,,,,,,
150162990252462,610183,Network 3,Spencer Technology Acad Elem Sch,22.4%,51.9%,78.3%,60.3%,60.2%,,,,,,,
150162990250860,610547,Network 17,South Shore Intl Col Prep HS,23.3%,61.3%,73.8%,63.9%,73.3%,,,,,,,
150162990250030,609724,Network 14,Mather High School,23.9%,48.3%,60.5%,54.4%,53.7%,,,,,,,
15016299025015C,400094,Charter,EPIC Academy High School,24.4%,44.9%,62.3%,66.9%,64.9%,,,,,,,
150162990250825,609691,Network 15,North-Grand High School,24.9%,50.7%,66.0%,60.3%,68.9%,,,,,,,
150162990250863,610587,Network 17,Walter Henri Dyett High School for the Arts,24.9%,57.9%,59.9%,70.2%,74.7%,,,,,,,
150162990250035,609728,Network 14,Roosevelt High School,25.2%,48.2%,66.6%,62.4%,67.4%,,,,,,,
150162990250022,609715,Network 16,Thomas Kelly College Preparatory,26.0%,54.6%,63.9%,62.5%,66.7%,,,,,,,
15016299025030C,400056,Charter,Noble St Chtr-Rowe-Clark MS Acad,26.4%,82.0%,76.0%,66.5%,64.2%,,,,,,,
150162990250020,609741,Network 16,Hubbard High School,26.7%,35.2%,67.3%,66.8%,77.9%,,,,,,,
15016299025084C,400058,Charter,North Lawndale Prep Chtr - Christiana,26.8%,75.7%,74.6%,71.4%,71.7%,,,,,,,
15016299025012C,400104,Charter,IHSCA Charter High School,26.9%,2.6%,63.6%,60.2%,57.9%,,,,,,,
150162990250048,609739,Network 17,Washington G High School,27.0%,55.0%,68.6%,64.9%,68.3%,,,,,,,
150162990250861,610558,Network 16,Goode STEM Academy HS,27.3%,47.1%,53.8%,48.8%,48.7%,,,,,,,
150162990250617,609756,Network 15,Curie Metropolitan High School,27.6%,46.0%,66.0%,68.8%,70.4%,,,,,,,
15016299025038C,400118,Charter,Noble St Chtr-DRW Trading College Prep,27.7%,86.2%,83.6%,79.3%,68.9%,,,,,,,
150162990250052,610561,Network 15,Crane Medical Prep HS,28.2%,68.1%,83.4%,82.0%,85.9%,,,,,,,
150162990250026,609719,Network 14,Lake View High School,28.3%,50.9%,65.4%,62.9%,62.9%,,,,,,,
15016299025010C,400086,Charter,Urban Prep Chtr Acad Englewood HS,29.2%,59.5%,35.1%,27.3%,26.3%,,,,,,,
15016299025079C,400172,Charter,Aspira Charter - Business and Finance HS,30.1%,54.8%,65.9%,61.8%,63.6%,,,,,,,
150162990250827,610244,ISP,Clark Acad Prep Magnet High Schl,30.4%,67.9%,90.9%,86.6%,82.8%,,,,,,,
150162990250534,609679,Network 15,Prosser Career Academy HS,31.6%,46.1%,62.3%,63.7%,66.4%,,,,,,,
15016299025036C,400106,Charter,Noble St Chtr-Johnson College Prep,31.7%,79.1%,78.4%,63.3%,59.0%,,,,,,,
150162990250835,610383,Network 15,School of Social Justice HS,31.8%,58.0%,76.7%,64.4%,78.4%,,,,,,,
150162990250826,610334,Network 15,Raby High School,32.4%,89.1%,94.0%,76.7%,78.5%,,,,,,,
15016299025083C,400032,Charter,CICS - Ralph Ellison Campus,34.8%,54.1%,70.8%,77.7%,73.7%,,,,,,,
150162990250537,609692,Network 17,Simeon Career Academy High School,35.0%,54.0%,81.7%,64.5%,71.4%,,,,,,,
150162990250042,609733,Network 14,Sullivan High School,35.0%,60.2%,61.6%,67.9%,77.0%,,,,,,,
150162990250031,609725,Network 16,Morgan Park High School,35.1%,51.8%,82.1%,69.8%,71.5%,,,,,,,
150162990250036,609729,Network 14,Schurz High School,35.1%,57.8%,74.5%,69.4%,73.5%,,,,,,,
150162990250829,610394,Network 14,Uplift Community High School,35.2%,75.0%,81.8%,66.7%,74.1%,,,,,,,
150162990250867,610592,Network 16,Englewood STEM High School,35.5%,70.2%,85.1%,86.3%,87.1%,,,,,,,
150162990250836,610385,Network 15,Multicultural Arts High School,35.9%,0.9%,71.4%,69.3%,73.5%,,,,,,,
15016299025046C,400059,Charter,North Lawndale Prep Chtr-Collins,35.9%,77.0%,89.5%,86.8%,89.3%,,,,,,,
15016299025067C,400139,Options,YCCS-Sullivan House Alt HS,36.7%,30.3%,39.2%,49.0%,49.5%,,,,,,,
150162990250041,609732,Network 14,Steinmetz College Prep HS,36.7%,57.4%,75.5%,68.9%,73.2%,,,,,,,
150162990250526,609674,Network 17,Chicago Vocational Career Acad HS,36.7%,63.4%,70.4%,58.8%,44.9%,,,,,,,
150162990250023,609716,Network 14,Kelvyn Park High School,37.1%,13.4%,73.0%,74.5%,73.6%,,,,,,,
150162990250543,609761,Network 17,Corliss High School,37.3%,62.5%,75.0%,67.3%,71.9%,,,,,,,
150162990250021,609713,Network 17,Hyde Park Academy High School,37.5%,62.3%,70.5%,78.0%,86.0%,,,,,,,
150162990250003,609698,Network 16,Bogan High School,38.5%,67.2%,77.1%,68.0%,65.6%,,,,,,,
150162990250856,610380,Network 17,Williams Medical Prep High Sch,38.6%,60.2%,71.4%,59.5%,54.3%,,,,,,,
150162990250049,609740,Network 15,Wells Community Academy HS,39.6%,54.1%,75.4%,76.2%,80.5%,,,,,,,
15016299025019C,400119,Charter,Legal Prep Academy Charter HS,39.8%,56.1%,69.5%,79.3%,73.1%,,,,,,,
150162990250841,610499,Network 15,Collins Academy STEAM High School,39.9%,81.4%,80.2%,77.8%,75.2%,,,,,,,
150162990250767,609764,Network 15,Juarez Community Academy HS,40.7%,61.1%,66.4%,74.0%,73.7%,,,,,,,
150162990250824,610323,Network 17,Bowen High School,40.7%,65.4%,69.9%,76.0%,74.1%,,,,,,,
150162990250016,609710,Network 17,Harlan Community Academy HS,41.5%,68.1%,84.4%,83.6%,80.4%,,,,,,,
150162990250834,610381,Network 17,Bronzeville Scholastic HS,42.1%,52.1%,51.9%,57.8%,63.9%,,,,,,,
150162990250545,609759,Network 15,Clemente Community Academy HS,42.7%,70.6%,85.7%,79.9%,77.0%,,,,,,,
150162990250015,609709,Network 16,Gage Park High School,42.8%,70.1%,70.7%,62.1%,82.2%,,,,,,,
150162990250531,609676,Network 17,Dunbar Vocational Career Acad HS,45.0%,78.4%,85.3%,91.9%,84.7%,,,,,,,
150162990250012,609705,Network 17,Fenger Academy High School,45.9%,78.0%,84.2%,77.7%,77.7%,,,,,,,
150162990250536,609682,Network 16,Richards Career Academy HS,46.1%,77.1%,78.4%,78.8%,72.8%,,,,,,,
150162990250818,610357,Network 16,Spry Community Links High School,46.2%,75.0%,79.8%,78.5%,77.4%,,,,,,,
150162990250011,609704,Network 16,Farragut Career Academy HS,46.3%,65.3%,80.3%,73.5%,84.6%,,,,,,,
150162990250013,609708,Network 14,Foreman High School,47.3%,60.3%,71.9%,69.1%,68.9%,,,,,,,
150162990250044,609735,Network 16,Tilden Career Communty Academy HS,48.8%,79.6%,82.1%,76.8%,79.3%,,,,,,,
150162990250763,609762,Network 16,Julian High School,49.7%,71.2%,80.1%,81.8%,84.2%,,,,,,,
150162990250862,400147,Options,Chicago Excel Academy HS,50.1%,51.9%,58.0%,57.8%,62.4%,,,,,,,
150162990250616,609722,Network 15,Manley Career Academy High School,51.4%,72.9%,81.9%,69.6%,77.4%,,,,,,,
150162990250019,609712,Network 17,Hirsch Metropolitan High School,51.7%,71.8%,74.7%,74.0%,81.0%,,,,,,,
150162990250847,610389,Network 15,Orr Academy High School,52.8%,69.9%,74.3%,71.6%,75.2%,,,,,,,
150162990250034,609727,Network 17,Phillips Academy High School,52.9%,80.2%,87.5%,89.7%,89.5%,,,,,,,
150162990250029,609723,Network 15,Marshall Metropolitan High School,55.9%,81.1%,86.8%,76.7%,82.9%,,,,,,,
150162990250831,610245,Network 15,Douglass Academy High School,57.1%,92.0%,77.4%,64.3%,62.2%,,,,,,,
15016299025066C,400136,Options,YCCS-Olive Harvey Mid College HS,59.8%,82.1%,91.0%,86.1%,90.8%,,,,,,,
15016299025071C,400144,Options,YCCS West,62.9%,76.8%,91.0%,82.9%,84.5%,,,,,,,
15016299025056C,400125,Options,YCCS-ASPIRA Pantoja Alt HS,64.1%,77.9%,87.3%,90.4%,91.7%,,,,,,,
150162990250844,610518,Network 15,Austin College and Career Academy High School,64.5%,80.6%,83.8%,83.6%,84.9%,,,,,,,
15016299025055C,400124,Options,YCCS- McKinley-Lakeside Leadership Academy,67.9%,61.5%,66.5%,73.6%,87.7%,,,,,,,
15016299025073C,400150,Options,YCCS Chtr - Chatham,70.5%,73.0%,91.4%,78.8%,74.5%,,,,,,,
15016299025061C,400130,Options,YCCS-Community Youth Dev Inst HS,71.1%,81.7%,97.9%,95.1%,93.4%,,,,,,,
15016299025054C,400123,Options,YCCS-Scholastic Achievement HS,71.3%,77.3%,95.3%,78.2%,83.3%,,,,,,,
15016299025065C,400135,Options,YCCS-Latino Youth Alternative HS,73.4%,84.6%,94.7%,91.4%,91.5%,,,,,,,
15016299025072C,400145,Options,YCCS-Youth Connection Leadership Academy,73.4%,94.5%,94.9%,63.5%,80.5%,,,,,,,
15016299025057C,400126,Options,YCCS-Association House,77.5%,76.5%,98.4%,90.4%,99.4%,,,,,,,
15016299025068C,400141,Options,YCCS-Truman Middle College HS,78.0%,69.9%,94.8%,92.2%,91.9%,,,,,,,
15016299025062C,400131,Options,YCCS-Albizu Campos Puerto Rican HS,78.5%,67.9%,95.5%,94.7%,90.8%,,,,,,,
15016299025020C,400148,,IJLA Charter High School,78.5%,80.8%,93.5%,88.9%,89.5%,,,,,,,
15016299025070C,400143,Options,YCCS-West Town Academy Alt HS,81.4%,64.6%,94.9%,90.0%,90.2%,,,,,,,
15016299025060C,400129,Options,YCCS-Progressive Leadership Academy,81.6%,55.3%,79.2%,80.6%,83.9%,,,,,,,
15016299025059C,400128,Options,YCCS-CCA Academy HS,84.4%,94.8%,90.5%,93.7%,92.6%,,,,,,,
15016299025063C,400133,Options,YCCS-Innovations of Arts Integr HS,84.9%,84.4%,86.9%,68.7%,93.5%,,,,,,,
150162990253760,610083,Network 1,Beard Elem School,,,,,,,,,,,,
150162990253787,610504,ISP,Thomas Early Childhood Center,,,,,,,,,,,,
150162990253762,610163,Network 1,Stock Early Childhood Center,,,,,,,,,,,,
150162990253761,610087,Network 10,Blair Early Childhood Center,,,,,,,,,,,,
150162990253781,609871,Network 10,Vick Early Childhood & Family Ctr,,,,,,,,,,,,
150162990253735,610308,Network 6,Rudolph Elem Learning Center,,,,,,,,,,,,
